Time,GateAngle,GateAngle,GateAngle,GateAngle,GateAngle,GateAngle,GateAngle,GateAngle,GateForceX,GateForceX,GateForceX,GateForceX,GateForceX,GateForceX,GateForceX,GateForceX,GateAngleVel,GateAngleVel,GateAngleVel,GateAngleVel,GateAngleVel,GateAngleVel,GateAngleVel,GateAngleVel,Speed,Distance,Accel,Roll Angle,Pitch Angle,Yaw Angle,Normalized Time
,1,2,3,4,5,6,7,8,1,2,3,4,5,6,7,8,1,2,3,4,5,6,7,8,Boat,Boat,Boat,Boat,Boat,Boat,Boat
2944220,15.0625,9.9375,-1.6875,12.4375,4.4375,-1.9375,11.125,11.6875,-10.5625,-8.75,-4.3125,-11.8125,-7.5,-2.8125,-11,-11.4375,-168.489456,-163.801956,-166.510284,-172.968613,-170.208206,-164.114456,-186.510269,-192.135269,1.40625,2635.964844,3.753906,0.921875,-2.84375,0.25,-34.246574
2944240,11.4375,6.625,-4.75,8.25,0.75,-5.3125,7.25,7.5,-8.375,-8.125,-4.5,-10.75,-7.5,-2.375,-8.625,-11.625,-177.447784,-169.270706,-165.781113,-183.124863,-176.666534,-164.010284,-193.697769,-181.301941,1.546875,2636.046875,3.578125,0.828125,-2.90625,0.25,-32.876709
2944260,7.5,3,-8.0625,4.6875,-3.5625,-8.875,3.25,4.75,-5.9375,-7.5625,-4.75,-9.0625,-8.1875,-2.625,-6.25,-7.8125,-185.208191,-173.124863,-164.895706,-181.249863,-177.395691,-163.020706,-197.604019,-169.479034,1.675781,2636.132813,2.867188,0.796875,-2.984375,0.25,-31.506851
2944280,3.75,-0.6875,-11.75,0.75,-7.0625,-11.8125,-0.9375,1.125,-4.5625,-6.5,-4.75,-8.875,-5.75,-1.9375,-4.375,-9.375,-190.885269,-177.551941,-161.770706,-169.166534,-171.822784,-157.60405,-202.551926,-160.312378,1.789063,2636.214844,2.628906,0.75,-3.03125,0.25,-30.136986
2944300,-0.25,-4.625,-15.4375,-3.875,-10.0625,-14.625,-5.25,-2.5625,-2.9375,-5.5,-2.0625,-6.875,-6.5,-2.1875,-4.375,-5.3125,-196.093597,-180.051941,-155.364456,-156.1978,-166.822784,-156.35405,-210.260254,-152.187378,1.890625,2636.328125,1.925781,0.734375,-3.0625,0.25,-28.76712
2944320,-4,-7.9375,-18.0625,-6.1875,-13.5,-17.875,-9.6875,-4.5625,-1.9375,-3.875,-3.6875,-4.3125,-3.5,-1.9375,-4.0625,-2.4375,-198.333176,-180.416519,-148.281128,-145.520721,-156.249878,-151.926971,-209.166504,-148.22905,1.988281,2636.414063,2.109375,0.75,-3.078125,0.25,-27.397263
2944340,-8,-11.75,-20.8125,-8,-16.875,-20.6875,-13.1875,-7.625,-1.5625,-1.8125,-4.875,-4.6875,-3,-0.875,-3.5,-3.5625,-197.499847,-176.666534,-139.010315,-137.135315,-146.5103,-150.156128,-201.979004,-158.281128,2.109375,2636.496094,1.277344,0.8125,-3.109375,0.25,-26.027397
2944360,-12,-15.0625,-23.875,-10.125,-19.375,-23.875,-17.5625,-10.5625,0.1875,0.1875,-1.8125,-2.1875,-6.4375,0.1875,-1,-6.9375,-193.437225,-171.249756,-133.697723,-124.166489,-143.64563,-149.478958,-198.905975,-177.916412,2.171875,2636.582031,0.390625,0.921875,-3.125,0.25,-24.657532
2944380,-16.5,-18.625,-26,-12.5625,-22.25,-27.5,-22.9375,-12.8125,2.1875,1.3125,-7.625,-1.8125,-5.5625,1.3125,1,-7.8125,-184.999847,-168.593613,-130.833237,-123.541573,-142.551971,-140.676971,-195.468597,-192.864426,2.191406,2636.664063,-1.589844,1,-3.109375,0.25,-23.287674
2944400,-20.25,-22.3125,-28.375,-16,-24.25,-29.375,-25.5625,-16.6875,1.9375,1.125,-8.25,-0.4375,-6.1875,1.3125,0.375,-5.5,-171.353928,-170.156006,-132.968567,-135.103973,-144.73938,-124.166489,-181.093491,-195.208054,2.195313,2636.777344,-2.375,1.09375,-3.078125,0.25,-21.917809
2944420,-23.625,-25,-30.5625,-18.5625,-27.0625,-32.8125,-28.0625,-22.75,2.1875,-0.1875,-8.25,0.375,-4.25,3.125,0.1875,-3.0625,-154.687286,-162.760193,-135.728973,-143.593552,-141.093552,-104.947769,-158.593521,-188.072647,2.164063,2636.859375,-4.011719,1.1875,-3.015625,0.25,-20.547943
2944440,-26.5,-27.875,-34.0625,-19.4375,-30.6875,-35.5625,-33.125,-29.75,2.9375,-0.1875,-2.875,1.875,-1.0625,4.4375,3.125,2.4375,-134.999893,-151.249878,-127.656151,-142.968643,-132.708237,-84.270767,-130.468643,-173.697784,2.15625,2636.945313,-4.875,1.1875,-2.921875,0.25,-19.178085
2944460,-29,-31.8125,-36.6875,-24.25,-33.625,-36.125,-36.875,-32.4375,3.0625,2.25,3.4375,3.125,3.75,4.1875,6.875,7.25,-111.04158,-132.343643,-116.093658,-135.729065,-120.781158,-64.322868,-103.854088,-152.031128,2.140625,2637.027344,-3.1875,1.203125,-2.828125,0.25,-17.80822
2944480,-30.625,-35.9375,-39.8125,-28.375,-37.5,-36.375,-37.1875,-32.4375,3.3125,4.0625,9.3125,5.5625,4.375,8.4375,6.6875,7.6875,-89.114456,-113.59359,-99.270691,-124.062325,-107.864433,-49.166599,-85.5728,-121.197746,2.09375,2637.113281,-5.058594,1.15625,-2.765625,0.25,-16.438354
2944500,-32.625,-36.9375,-42.8125,-30.6875,-38.3125,-36.9375,-37.1875,-34.5625,4.375,4.9375,8.9375,6.1875,8.75,11.25,11.625,14.375,-69.426941,-94.791473,-77.916512,-110.937279,-89.114403,-31.614519,-65.572784,-85.98941,2.011719,2637.167969,-6.78125,1.09375,-2.625,0.25,-15.068497
2944520,-33.875,-38.1875,-42.3125,-31.8125,-38.875,-37.75,-38,-36.0625,6.8125,7.6875,13.9375,7.125,10.375,14.75,14.6875,18.125,-53.124893,-73.437347,-54.062389,-92.447731,-67.239449,-19.114544,-45.885323,-57.708218,1.894531,2637.253906,-8.789063,1.078125,-2.453125,0.25,-13.698631
2944540,-34.0625,-38.4375,-42.8125,-33.125,-40.1875,-38.25,-39.1875,-37.3125,7.6875,10.6875,20.625,7.125,15.25,16.5,17.0625,18.5625,-38.854111,-51.562428,-33.958286,-64.531158,-46.927017,-10.208319,-40.260361,-44.479103,1.769531,2637.28125,-7.304688,1.0625,-2.296875,0.25,-12.328766
2944560,-34.5625,-39.875,-43.3125,-34.5,-41.5,-38.75,-40.375,-38.4375,11.4375,13.5625,27.75,10.0625,17.8125,16.25,18.6875,18.625,-27.447878,-33.489536,-14.37498,-40.781193,-28.802042,1.249998,-34.895782,-32.291622,1.632813,2637.28125,-9.964844,1.078125,-2.125,0.234375,-10.9589
2944580,-35.0625,-40.5625,-43.3125,-35.25,-42.0625,-38.5,-40.9375,-38.6875,17.75,16.375,28.8125,14.25,17.8125,17.5625,16.75,19.4375,-16.510393,-21.979136,3.124996,-21.093719,-16.718727,19.531223,-18.697891,-10.833318,1.46875,2637.28125,-7.980469,1.15625,-1.953125,0.234375,-9.589043
2944600,-35.5625,-41,-43.5625,-35.25,-42.0625,-38,-41.75,-38.6875,21.5625,20.0625,29.9375,16.9375,18.0625,20.4375,13.375,19,-9.999992,-4.89583,16.041655,-1.406249,-0.364583,40.677052,5.937495,9.791659,1.25,2637.28125,-8.953125,1.265625,-1.796875,0.234375,-8.219177
2944620,-35.5625,-41.25,-43.5625,-35.5,-41.75,-36.9375,-43.0625,-38.4375,24.1875,20.9375,27.125,16.4375,19.9375,23.5,7.5,15.3125,-2.291666,14.479164,33.906246,21.406246,20.572914,59.166656,31.666662,30.208328,0.988281,2637.28125,-11.277344,1.359375,-1.59375,0.234375,-6.849312
2944640,-35.5625,-40.8125,-42.8125,-34.75,-41.5,-35.8125,-40.9375,-37.5625,22.9375,21.75,37.5625,16.875,18.6875,25.875,12.6875,14.625,11.874998,37.187492,50.624992,43.489574,41.302078,74.010406,53.854156,49.114574,0.71875,2637.28125,-12.191406,1.546875,-1.390625,0.234375,-5.479454
2944660,-35.3125,-39.875,-41.0625,-33.4375,-40.4375,-33.375,-38.3125,-36.0625,20.25,22.8125,50.375,21.0625,24.625,29.5,24.0625,17.6875,28.020828,54.843742,64.479156,61.249989,57.968742,84.062485,71.249985,63.333324,0.503906,2637.28125,-9.832031,1.703125,-1.203125,0.234375,-4.109589
2944680,-35.3125,-37.9375,-39,-31.8125,-38.875,-31.0625,-36.0625,-34.5625,17.5625,25.3125,71,28.8125,39.625,45.75,38.5,21.375,44.687492,69.270821,75.833321,74.062485,72.604156,90.520821,84.166656,75.468735,0.390625,2637.28125,-5,1.859375,-1.046875,0.234375,-2.739723
2944700,-34.0625,-35.9375,-37.1875,-29.75,-36.9375,-29.375,-34.4375,-32.75,23.125,30.5625,89.375,39.875,55.875,60.5,53.875,26.875,58.854122,79.531189,82.968681,84.166603,84.010353,91.874931,91.041595,85.937431,0.371094,2637.28125,-0.386719,1.984375,-0.984375,0.234375,-1.369865
2944720,-31.9375,-34.0625,-35.625,-27.8125,-34.875,-27.75,-33.125,-30.8125,32.8125,41.3125,100.0625,48,72.4375,74.5,67.375,36.8125,71.093697,84.635353,83.385353,88.541595,91.979095,90.104095,86.458267,92.760345,0.398438,2637.28125,1.84375,2.15625,-1,0.234375,0
2944740,-30.1875,-32.6875,-34.0625,-26.0625,-33.125,-25.9375,-31.5625,-29.1875,42.1875,51.125,107.5,61.1875,89,85,79.9375,52,80.468636,85.624878,80.676971,89.479042,94.37487,85.051964,83.54155,96.197784,0.445313,2637.28125,2.859375,2.34375,-1.0625,0.234375,1.449275
2944760,-28.3125,-31,-32.5,-24.5,-30.9375,-24.125,-30,-27.1875,51.0625,61,109.4375,68.1875,100.5,89.25,85.125,66.75,86.562378,84.0103,78.489471,89.583206,95.312363,83.0728,84.47905,98.906113,0.527344,2637.28125,4.703125,2.609375,-1.140625,0.234375,2.898551
2944780,-26.75,-29.3125,-30.75,-22.625,-29.125,-22.6875,-28.0625,-24.8125,57,68.25,105.1875,74.8125,107.25,90.4375,86.625,80.625,87.708214,83.906136,78.176971,89.791542,94.479034,84.270714,87.395714,99.999863,0.621094,2637.28125,5.308594,2.875,-1.25,0.234375,4.347826
2944800,-25.125,-27.625,-29.5625,-20.875,-27.3125,-21.125,-26.4375,-22.75,62.4375,75.6875,98.375,78,110.3125,88.75,87,92.0625,87.291595,85.156181,80.885353,90.937431,94.322845,85.468681,91.14576,100.624924,0.703125,2637.28125,4.972656,3.0625,-1.34375,0.234375,5.797101
2944820,-23.375,-26,-27.9375,-19.1875,-25.6875,-19.5625,-24.4375,-20.9375,66.6875,82.0625,90.125,81,110,85.625,85.75,99.1875,88.437378,87.604042,84.374878,92.864456,95.885284,87.395714,94.06237,99.895691,0.753906,2637.28125,3.476563,3.1875,-1.421875,0.234375,7.246377
2944840,-21.625,-24.25,-26.25,-17.1875,-23.5,-17.625,-22.4375,-18.875,68.9375,86.6875,82.375,86.0625,107.3125,83.8125,83.0625,102.375,90.62487,89.166542,88.281128,94.791534,97.708199,89.84362,96.562363,98.020699,0.773438,2637.28125,1.9375,3.3125,-1.453125,0.234375,8.695652
2944860,-19.6875,-22.3125,-24.5625,-15.125,-21.75,-15.625,-20.6875,-16.9375,71.625,91.375,77.8125,90,105.125,82.1875,79.25,102.6875,94.478973,90.937317,93.281059,96.614388,102.031044,94.010223,99.062302,96.249802,0.78125,2637.28125,1.265625,3.40625,-1.46875,0.234375,10.144928
2944880,-17.8125,-20.5,-22.3125,-13.25,-19.6875,-13.875,-18.625,-14.9375,74.875,95.0625,76.9375,94.125,102.1875,81.6875,74.875,100.75,97.760216,93.124809,98.489388,98.489388,106.614365,98.385216,101.666458,95.937309,0.785156,2637.28125,1.335938,3.5,-1.5,0.234375,11.594203
2944900,-15.9375,-18.625,-20.3125,-11.3125,-17.4375,-11.8125,-16.5625,-13.3125,77.8125,98,78.6875,97.1875,99.8125,82,71.4375,97.1875,100.104027,94.37487,101.354027,99.166527,110.781097,101.249855,103.385269,96.770699,0.792969,2637.28125,1.398438,3.625,-1.515625,0.234375,13.043478
2944920,-13.8125,-16.75,-18.3125,-9.375,-15.1875,-9.9375,-14.5,-11.3125,80.75,99.4375,82.3125,98.5625,100.1875,82.375,68.25,93.625,102.343666,94.999924,103.645752,98.749924,114.16658,103.749916,105.520752,96.61451,0.808594,2637.28125,1.855469,3.734375,-1.5625,0.234375,14.492754
2944940,-11.5625,-14.8125,-16,-7.1875,-12.6875,-7.6875,-12.1875,-9.3125,83.0625,99.1875,85.9375,98.5625,100.4375,82.5625,66.125,89.3125,104.114433,94.426949,105.156105,98.333199,117.499832,106.145683,108.281097,96.926949,0.84375,2637.28125,2.675781,3.84375,-1.59375,0.234375,15.942029
2944960,-9.5,-12.75,-14,-5.1875,-10.3125,-5.3125,-10.125,-7.375,83.5,97.6875,88.3125,96.625,100.875,81.4375,64.125,83.9375,105.624786,93.489395,105.260201,98.020638,119.062256,108.072701,110.937279,98.749802,0.890625,2637.28125,3.476563,3.96875,-1.65625,0.234375,17.391304
2944980,-7.5,-11,-12,-3.375,-8,-3.375,-7.9375,-5.25,82.3125,94.1875,89.375,92.6875,101.625,79.1875,62,78.9375,106.666451,93.124809,105.937286,97.395638,120.051842,109.478943,113.697685,102.187294,0.933594,2637.28125,3.421875,4.046875,-1.734375,0.234375,18.84058
2945000,-5.3125,-9.0625,-9.8125,-1.4375,-5.4375,-1,-5.6875,-3.4375,79.75,90.625,89.125,87.5,100.75,77,59.5625,73.25,107.395546,93.176834,107.083054,97.083076,120.46843,110.103874,116.874687,105.312218,0.976563,2637.28125,3.203125,4.078125,-1.796875,0.234375,20.289856
2945020,-3.125,-7.375,-7.625,0.5,-3.125,1.1875,-3.3125,-1.5,76.1875,86.375,87.4375,80.875,97.9375,74.625,57.1875,67.875,107.447632,94.791412,107.968468,96.978912,120.62468,109.583046,119.166351,108.801796,1.011719,2637.28125,3.160156,4.078125,-1.859375,0.234375,21.73913
2945040,-1,-5.6875,-5.5,2.375,-0.75,3.25,-0.75,0.875,71.0625,81,85.5,73.5625,93.9375,72.1875,54.6875,63.5,107.447563,97.395515,110.312141,98.43718,120.312103,109.635056,121.562103,112.343384,1.050781,2637.28125,3.222656,4.0625,-1.921875,0.234375,23.188406
2945060,1.1875,-3.625,-3.375,4.3125,1.75,5.625,1.6875,3.3125,66,75.375,83.625,65.75,89.3125,70.1875,52.375,59.3125,107.239296,101.458061,112.083038,100.468483,119.062187,109.895546,122.291344,116.197609,1.089844,2637.28125,3.207031,4.0625,-1.96875,0.234375,24.637682
2945080,3.5,-1.625,-1,6.375,4.125,7.6875,4.3125,5.75,60.3125,69.125,81.3125,58.125,83.4375,68.125,50.0625,55.5625,106.301804,105.468468,112.864288,103.020561,116.405945,108.59346,122.135094,120.572594,1.125,2637.28125,3.3125,4.046875,-2.03125,0.234375,26.086956
2945100,5.5,0.75,1.25,8.4375,6.625,9.875,6.6875,8.125,54.3125,63.1875,78.4375,50.4375,75.875,65.5625,47.4375,52.1875,105.156036,109.739365,113.072685,104.687286,114.062271,109.166443,120.781006,123.124748,1.164063,2637.28125,3.304688,4.046875,-2.09375,0.234375,27.536232
2945120,7.5,3,3.6875,10.625,8.8125,12.1875,9.125,10.5,48.1875,57.3125,74.5625,43.4375,67.25,62,43.625,47.75,104.166389,112.708038,113.385117,106.301804,111.145538,108.853882,117.916351,123.853836,1.195313,2637.28125,3.105469,4.046875,-2.171875,0.234375,28.985508
2945140,9.625,5.3125,5.9375,12.75,10.9375,14.25,11.375,13.125,42.5625,52.0625,69.5625,37.5625,57.625,57.4375,39.25,43.3125,103.385269,113.072762,112.81234,106.770683,107.291519,107.760262,115.051918,124.791489,1.222656,2637.28125,3.058594,4.03125,-2.234375,0.234375,30.434782
2945160,11.6875,7.625,8.125,15.125,12.9375,16.25,13.75,15.75,36.3125,47,63.0625,32.8125,47,51.75,33.4375,39.0625,101.406044,111.926857,111.562271,106.249786,104.739372,107.603951,112.031021,125.364326,1.257813,2637.335938,3.257813,4.03125,-2.296875,0.234375,31.884058
2945180,13.6875,9.9375,10.25,17.0625,15.0625,18.75,16,18.1875,29.9375,42,55.9375,28.6875,35.375,45.6875,25.8125,35.625,100.468483,110.15596,110.62471,104.791389,102.603897,106.614304,109.478874,125.155922,1.285156,2637.421875,2.964844,4.03125,-2.359375,0.25,33.333332
2945200,15.75,12.1875,12.5625,19.25,17.125,20.6875,18,20.625,23.125,36.375,48.9375,24.625,24.5,38.9375,17.625,33.125,100.155983,108.072632,109.21846,102.343475,101.926811,104.739304,106.458054,123.593422,1.378906,2637.503906,2.773438,4.046875,-2.421875,0.25,34.782608
2945220,17.875,14.1875,14.6875,21.25,18.9375,22.75,20.125,23.25,16.625,29.875,42.5625,20.5,15.875,30.0625,10.3125,30.1875,95.520584,104.687225,107.447632,98.176826,100.103905,97.603905,103.437225,120.208015,1.503906,2637.589844,2.542969,4.046875,-2.484375,0.25,36.231884
2945240,19.5,16.125,16.875,23.25,21.125,24.9375,22.25,25.6875,11.1875,23.375,35.9375,15.3125,8.75,21,5,25.9375,85.624825,100.937294,104.426872,88.749817,94.062309,90.676903,95.156059,115.728935,1.621094,2637.671875,2.566406,4.046875,-2.53125,0.25,37.68116
2945260,21.5,18.375,19.0625,25.125,23.125,26.9375,24.25,28,6.75,17.5,28.6875,10.625,4.25,11.875,3.1875,20.3125,75.103966,92.91642,98.124741,80.885201,91.666428,78.385208,89.999763,112.083038,1.726563,2637.757813,1.914063,4.03125,-2.578125,0.25,39.130436
2945280,23.6875,20.3125,21.125,26.9375,25.1875,28.75,26.125,30.1875,3.375,12.3125,20.75,6,1.6875,4.1875,2.8125,14.75,72.551888,82.395615,95.364334,74.999802,85.572693,64.478996,79.270622,103.437225,1.804688,2637.839844,0.9375,4.015625,-2.609375,0.25,40.579712
2945300,24.4375,22,22.9375,28.3125,26.75,29,27.9375,32.1875,1.375,7.875,11.9375,3.1875,0.875,0.875,1.125,9.375,68.801941,74.999847,91.822731,65.937363,71.041519,38.489506,63.43737,90.312317,1.886719,2637.898438,0.847656,4.015625,-2.625,0.25,42.028984
2945320,24.4375,23.75,24.5625,28.5,27.3125,30.6875,28.25,34,0,4.625,3.8125,0.875,-1.0625,-12.625,-0.375,4.875,63.489414,74.426888,80.208122,53.072777,47.499874,13.85413,43.020718,77.187294,1.957031,2637.980469,0.761719,4.03125,-2.640625,0.265625,43.47826
2945340,25.375,24.1875,25.5,29.9375,30,30.6875,30.4375,36.1875,-2.5625,1,-0.375,-7.4375,-7.5625,-25.4375,-6.4375,1.3125,53.124893,68.229027,56.770718,31.614519,16.30205,-12.864557,20.937458,59.374878,1.964844,2638.066406,-0.863281,4.09375,-2.640625,0.265625,44.927536
2945360,28.6875,24.6875,28.25,31.8125,30.5,30.6875,30.125,36.75,-6.3125,-1,-17.5625,-14,-16.9375,-18.6875,-29.3125,-16.5,41.093639,59.531094,29.791588,7.34373,-20.104113,-41.666557,-2.343744,39.062397,1.972656,2638.148438,-2.257813,4.203125,-2.59375,0.25,46.376812
2945380,29.5,26.5,29.625,31.8125,29.25,27.625,29.625,37,-9.75,-6.0625,-23.25,-18.875,-18.4375,-28.75,-35.4375,-15.125,28.645775,48.281151,-0.052083,-13.177056,-50.208233,-69.687355,-28.124943,10.208313,2,2638.234375,-1.730469,4.28125,-2.515625,0.25,47.826088
2945400,29.8125,29.625,28.8125,31.3125,27.3125,27.1875,28.5,37.8125,-15.5,-11.75,-15.375,-29.0625,-15.0625,-33.875,-30.5625,-17.375,12.499974,31.718685,-27.239529,-33.437431,-71.093605,-95.624809,-55.781136,-25.104116,2.105469,2638.316406,2.511719,4.484375,-2.484375,0.25,49.275364
2945420,29.25,29.375,26.0625,28.75,24.375,24.9375,27.4375,37,-22.75,-24.6875,-24.25,-30.5,-13,-25.3125,-19.8125,-27.0625,-11.458317,14.322897,-56.979088,-61.145748,-94.37487,-118.489418,-87.291542,-67.239487,2.238281,2638.402344,3.992188,4.625,-2.53125,0.25,-49.275364
2945440,28.6875,29.125,24.5625,26.9375,21.125,21.8125,25.875,36.1875,-21.25,-29.125,-24.75,-26,-14.25,-10.125,-15.375,-18.9375,-38.020756,-11.510393,-89.791481,-87.031075,-102.603958,-137.968475,-110.937279,-105.156036,2.417969,2638.515625,6.515625,4.859375,-2.609375,0.25,-47.826088
2945460,27.625,28.625,22.5,26.25,19.9375,18.5,23.1875,32.9375,-25.3125,-27.375,-16.3125,-17.3125,-19.3125,-7.25,-15,-13.9375,-59.114464,-41.770748,-111.770607,-105.885201,-106.301865,-149.739273,-135.155975,-137.395554,2.628906,2638.597656,8.191406,4.84375,-2.703125,0.234375,-46.376812
2945480,26.5625,27,21.375,24.4375,19.4375,16.25,19.625,29.1875,-25.5625,-28.9375,-16.3125,-16.875,-13.3125,-5.6875,-14.5625,-12.75,-83.54155,-74.999893,-123.906075,-121.249832,-109.947762,-164.426849,-156.614365,-163.958099,2.738281,2638.683594,1.617188,4.90625,-2.828125,0.234375,-44.927536
2945500,24.75,25.8125,18.1875,21,16.1875,11.875,16,24.125,-20.5625,-16.9375,-17.3125,-16.25,-10.5,-8.125,-11.3125,-13.75,-105.416389,-99.583069,-132.760071,-136.041306,-114.999695,-171.770386,-174.374542,-179.374527,2.859375,2638.792969,4.242188,4.984375,-2.859375,0.234375,-43.47826
2945520,22.875,23.25,14.5,17.875,14.5625,8.1875,12.5625,20.1875,-15.125,-12.6875,-12,-12.5,-11.8125,-6.1875,-10.0625,-17.4375,-126.562164,-120.989265,-148.957932,-154.63501,-123.697586,-176.093277,-187.39534,-187.447418,2.957031,2638.878906,3.039063,5.09375,-2.921875,0.234375,-42.028984
2945540,19.75,21.0625,11.5625,14.625,11.4375,4.875,8.3125,17.1875,-10.9375,-11.4375,-8.6875,-12.4375,-13.3125,-5.3125,-8.875,-12.75,-142.082962,-137.291306,-159.895416,-174.374542,-141.249619,-180.259933,-194.895325,-186.405762,3.082031,2638.960938,2.972656,5.28125,-2.953125,0.25,-40.579712
2945560,15.5,17,8.625,11.375,8.25,1.375,4.3125,13.6875,-10.1875,-12.6875,-10.6875,-10.75,-10.5,-5.0625,-6.4375,-8.875,-155.207916,-150.051682,-169.270386,-185.83284,-155.155838,-183.228683,-198.749481,-184.687012,3.164063,2639.074219,2.5625,5.375,-3,0.25,-39.130436
2945580,12.375,13.3125,5.375,7.0625,5,-2.4375,0.5,10.1875,-8.4375,-12.625,-9.875,-10.75,-7.5,-4.375,-4.75,-8,-165.103729,-162.759979,-171.666214,-188.853668,-162.291245,-179.843277,-202.759872,-184.687012,3.246094,2639.160156,2.84375,5.453125,-3.046875,0.234375,-37.68116